ACTIVITY,TYPE,SENSITIVITY,ID_LOCATION,IP_ADDRESS,MAC_ADDRESS,SERIAL_NUMBER,HARDWARE_VERSION,SOFTWARE_VERSION,CREATION_DATE,START_ACTIVITY_TIME,END_ACTIVITY_TIME,CHECK_FREQUENCY,MEASUREMENT_UNIT,MIN_DANGER_THRESHOLD,MAX_DANGER_THRESHOLD,POSITION_X,POSITION_Y
ENABLED,SMOKE,HIGH,ID_LOCATION,192.168.0.19,ac:23:a9:aa:f9:a3,149414159-0,1.46,1.51,2018-11-29 07:23:32,13:37:18,21:02:33,4184,%,0,10,0,0
ENABLED,SMOKE,LOW,ID_LOCATION,192.168.0.22,9b:4b:76:e3:76:b2,370544486-7,2.41,1.8,2018-12-17 15:57:03,8:53:34,19:07:29,4162,%,0,10,0,0
ENABLED,SMOKE,MEDIUM,ID_LOCATION,192.168.0.31,2b:ec:89:90:4e:74,900732856-5,2.54,2.09,2018-08-28 09:43:32,9:37:37,16:41:07,5442,%,0,10,0,0
ENABLED,SMOKE,VERY_HIGH,ID_LOCATION,192.168.0.42,b2:f9:47:a5:c3:b5,768958412-8,1.98,1.24,2019-01-25 12:23:14,10:11:00,20:58:37,4070,%,0,10,0,0
ENABLED,SMOKE,VERY_HIGH,ID_LOCATION,192.168.0.46,27:a4:a1:25:27:7b,435441135-0,1.7,2.37,2018-07-08 10:49:09,8:40:05,15:38:17,5109,%,0,10,0,0
ENABLED,SMOKE,MEDIUM,ID_LOCATION,192.168.0.56,ba:74:82:48:4d:59,462263186-5,1.19,1.21,2018-10-12 21:23:02,10:49:42,16:07:50,5351,%,0,10,0,0
ENABLED,SMOKE,LOW,ID_LOCATION,192.168.0.57,27:5b:03:b6:0f:c7,687670777-6,1.36,1.43,2018-10-14 00:17:34,13:34:16,17:51:08,4118,%,0,10,0,0
ENABLED,SMOKE,VERY_HIGH,ID_LOCATION,192.168.0.67,02:35:ff:2d:37:06,992736278-1,2.23,2.8,2018-05-27 09:18:27,5:35:43,17:42:53,5588,%,0,10,0,0
ENABLED,SMOKE,MEDIUM,ID_LOCATION,192.168.0.72,0e:fb:ab:d6:b9:5b,052465140-X,1.34,1.92,2018-10-02 21:12:32,3:38:19,21:28:22,5001,%,0,10,0,0
ENABLED,SMOKE,LOW,ID_LOCATION,192.168.0.79,d9:e6:dc:20:7b:5f,848893295-2,1.76,2.45,2018-08-02 17:18:53,9:46:38,18:33:33,4128,%,0,10,0,0
ENABLED,SMOKE,LOW,ID_LOCATION,192.168.0.93,b2:98:06:ed:3c:36,501424365-7,1.32,2.12,2018-08-17 02:19:05,13:52:08,14:43:27,5261,%,0,10,0,0
ENABLED,SMOKE,VERY_HIGH,ID_LOCATION,192.168.0.106,02:e4:28:55:bb:75,538439238-X,2.69,1.28,2018-10-24 09:22:01,6:37:21,19:59:54,5755,%,0,10,0,0
ENABLED,SMOKE,VERY_HIGH,ID_LOCATION,192.168.0.119,00:c2:8c:35:00:cc,538575180-4,2.85,1.12,2018-10-06 03:51:56,3:51:17,20:13:09,3127,%,0,10,0,0
ENABLED,SMOKE,MEDIUM,ID_LOCATION,192.168.0.155,c1:62:3d:37:88:c5,672734942-8,1.44,1.51,2018-09-16 08:28:00,12:22:21,23:49:21,5262,%,0,10,0,0
ENABLED,SMOKE,LOW,ID_LOCATION,192.168.0.157,5d:ca:0d:e4:b7:c8,628251346-4,1.72,2.46,2019-02-19 14:20:06,12:23:21,20:57:11,5436,%,0,10,0,0
ENABLED,SMOKE,VERY_HIGH,ID_LOCATION,192.168.0.171,c4:8e:60:10:f1:48,009577213-8,1.43,2.12,2018-10-17 17:44:48,9:47:34,22:24:04,4314,%,0,10,0,0
ENABLED,SMOKE,LOW,ID_LOCATION,192.168.0.177,23:da:3d:fd:8e:e9,263320681-6,1.16,1.43,2019-02-07 09:29:17,2:04:26,19:41:43,3307,%,0,10,0,0
ENABLED,SMOKE,HIGH,ID_LOCATION,192.168.0.186,02:2c:f0:d7:8d:dd,530141207-8,2.14,2.39,2018-07-09 12:21:17,12:03:17,18:47:40,5034,%,0,10,0,0
ENABLED,SMOKE,HIGH,ID_LOCATION,192.168.0.189,0d:94:c8:84:64:7a,905185124-3,1.85,1.97,2018-08-28 19:18:42,8:59:16,20:30:34,3247,%,0,10,0,0
ENABLED,SMOKE,HIGH,ID_LOCATION,192.168.0.191,20:c9:c4:e7:e5:a6,512036092-0,2.69,1.26,2018-08-22 03:37:16,9:01:20,20:55:16,3090,%,0,10,0,0
ENABLED,SMOKE,LOW,ID_LOCATION,192.168.0.196,ff:a5:e7:86:da:29,636118304-1,1.43,1.18,2018-08-22 09:37:19,4:19:53,19:04:40,3227,%,0,10,0,0
ENABLED,SMOKE,HIGH,ID_LOCATION,192.168.0.197,e0:ec:f3:b5:50:dc,507699532-6,1.07,1.23,2018-11-21 00:21:44,13:47:00,18:53:32,3634,%,0,10,0,0
ENABLED,FLOW,HIGH,ID_LOCATION,192.168.0.21,8a:ee:68:80:30:f5,495059146-0,1.66,2.7,2018-10-02 02:32:42,3:45:44,21:46:03,3975,,0,1,0,0
ENABLED,FLOW,MEDIUM,ID_LOCATION,192.168.0.52,6f:a1:e2:1a:a9:60,212950089-7,2.7,1.03,2018-08-27 08:56:39,10:48:13,18:59:27,5207,,0,1,0,0
ENABLED,FLOW,VERY_HIGH,ID_LOCATION,192.168.0.60,6a:05:41:bf:52:34,442074374-3,2.58,1.96,2019-03-01 13:04:09,6:46:28,18:22:17,3823,,0,1,0,0
ENABLED,FLOW,LOW,ID_LOCATION,192.168.0.69,31:69:93:34:f4:e7,985704941-9,2.23,2.57,2018-06-16 07:09:31,5:25:26,18:45:53,4160,,0,1,0,0
ENABLED,FLOW,MEDIUM,ID_LOCATION,192.168.0.88,c6:ed:53:6a:70:14,129590350-4,2.94,2.46,2019-03-14 14:18:02,2:09:37,22:24:37,4083,,0,1,0,0
ENABLED,FLOW,VERY_HIGH,ID_LOCATION,192.168.0.104,56:d7:5a:b5:ec:b8,701521156-4,2.14,2.93,2019-02-16 06:08:14,3:18:25,20:16:38,5425,,0,1,0,0
ENABLED,FLOW,VERY_HIGH,ID_LOCATION,192.168.0.118,ec:8b:80:af:a5:7a,852160038-0,2.87,1.93,2018-07-04 22:51:21,12:45:11,18:27:23,5458,,0,1,0,0
ENABLED,FLOW,HIGH,ID_LOCATION,192.168.0.126,d9:b4:b0:62:1d:ee,813007150-9,1.01,2.16,2018-08-20 07:19:48,4:03:32,21:18:17,5410,,0,1,0,0
ENABLED,FLOW,VERY_HIGH,ID_LOCATION,192.168.0.144,cc:3d:41:dc:98:95,356174429-X,2.62,1.53,2018-10-04 17:34:22,6:45:54,17:25:03,3249,,0,1,0,0
ENABLED,FLOW,VERY_HIGH,ID_LOCATION,192.168.0.175,6c:b3:60:f0:7c:96,338899925-2,2.13,2.69,2019-04-09 16:31:02,5:40:55,15:07:22,4625,,0,1,0,0
ENABLED,DOOR,LOW,ID_LOCATION,192.168.0.6,68:6f:b5:36:49:8f,141130810-7,2.74,2.48,2018-12-14 05:03:13,10:37:54,19:35:26,5698,,0,1,0,0
ENABLED,DOOR,MEDIUM,ID_LOCATION,192.168.0.8,fd:62:81:9d:e5:f7,256261838-6,1.41,2.22,2018-08-30 05:36:02,4:51:04,19:55:50,6000,,0,1,0,0
ENABLED,DOOR,HIGH,ID_LOCATION,192.168.0.12,0c:55:0b:8f:07:5d,566951286-3,2.57,1.76,2018-07-10 20:48:46,8:31:34,20:06:38,4344,,0,1,0,0
ENABLED,DOOR,VERY_HIGH,ID_LOCATION,192.168.0.20,84:ea:f8:a8:26:dc,213678967-8,1.36,1.45,2019-02-18 04:20:55,3:26:46,20:51:20,3221,,0,1,0,0
ENABLED,DOOR,MEDIUM,ID_LOCATION,192.168.0.28,79:72:ee:37:d7:9c,603996398-0,2.97,1.97,2019-02-20 10:36:09,11:34:22,22:29:18,5391,,0,1,0,0
ENABLED,DOOR,MEDIUM,ID_LOCATION,192.168.0.35,89:cb:7d:87:c4:76,478663806-4,2.32,2.8,2019-04-07 16:43:07,12:08:34,22:37:44,3591,,0,1,0,0
ENABLED,DOOR,VERY_HIGH,ID_LOCATION,192.168.0.47,75:fe:61:da:03:0d,736375075-0,1.23,1.93,2019-04-11 22:14:11,1:40:43,14:14:00,3326,,0,1,0,0
ENABLED,DOOR,HIGH,ID_LOCATION,192.168.0.71,15:df:2d:6a:ba:af,380840099-4,2.75,2.15,2018-11-01 07:10:00,8:59:32,19:43:40,4925,,0,1,0,0
ENABLED,DOOR,MEDIUM,ID_LOCATION,192.168.0.85,56:fb:70:ae:8a:ef,637587485-8,2.75,1.87,2018-07-11 05:57:51,7:32:06,14:52:52,5207,,0,1,0,0
ENABLED,DOOR,HIGH,ID_LOCATION,192.168.0.102,37:b7:b9:f9:7a:a8,618635969-7,2.41,1.55,2018-12-05 06:11:30,4:10:03,17:26:53,5206,,0,1,0,0
ENABLED,DOOR,LOW,ID_LOCATION,192.168.0.139,8b:a5:ea:b7:29:7a,926058581-3,2.66,2.65,2018-07-15 14:30:32,2:33:09,22:02:58,5095,,0,1,0,0
ENABLED,DOOR,LOW,ID_LOCATION,192.168.0.140,bc:3b:bd:8d:e7:84,049888799-5,2.02,1.43,2018-10-11 14:00:13,7:20:11,16:36:31,4535,,0,1,0,0
ENABLED,DOOR,LOW,ID_LOCATION,192.168.0.148,c8:da:74:9d:98:8b,069726830-6,1.26,2.33,2018-08-03 11:04:49,7:36:06,20:52:59,4065,,0,1,0,0
ENABLED,DOOR,VERY_HIGH,ID_LOCATION,192.168.0.152,48:a1:19:61:f0:c1,484374943-5,2.8,1.12,2018-12-01 23:33:07,4:37:49,23:53:32,3726,,0,1,0,0
ENABLED,DOOR,MEDIUM,ID_LOCATION,192.168.0.178,f2:b5:e7:64:b7:2c,584214151-5,1.98,2.88,2018-06-13 23:09:11,6:12:18,15:47:06,3038,,0,1,0,0
ENABLED,DOOR,MEDIUM,ID_LOCATION,192.168.0.182,f4:94:f8:18:16:02,198086460-8,2.48,2.21,2018-11-15 02:25:15,5:48:55,14:37:20,4125,,0,1,0,0
ENABLED,DOOR,MEDIUM,ID_LOCATION,192.168.0.185,dc:9f:1f:40:da:45,434132700-3,1.77,2.58,2018-07-01 11:33:10,5:10:47,23:04:11,3853,,0,1,0,0
ENABLED,DOOR,HIGH,ID_LOCATION,192.168.0.198,78:48:dd:09:9d:e4,149719646-9,2.51,2.84,2019-01-20 10:51:58,5:46:31,21:26:18,5621,,0,1,0,0
ENABLED,DOOR,MEDIUM,ID_LOCATION,192.168.0.199,c8:5a:59:b8:7c:fa,015851420-3,2.88,1.76,2019-01-19 16:33:13,3:54:48,16:32:37,5422,,0,1,0,0
ENABLED,TEMPERATURE,VERY_HIGH,ID_LOCATION,192.168.0.10,c2:98:0d:f3:ea:23,162031248-4,1.73,1.13,2018-11-10 02:57:48,11:27:11,19:38:55,3377,°C,16.86479,19.51873,0,0
ENABLED,TEMPERATURE,HIGH,ID_LOCATION,192.168.0.13,09:88:04:e9:28:d1,874959193-2,2.72,1.38,2018-09-22 19:41:26,4:20:58,19:51:57,4348,°C,16.538784,19.45406,0,0
ENABLED,TEMPERATURE,LOW,ID_LOCATION,192.168.0.16,1e:25:3f:69:71:0e,414167758-2,2.25,2.55,2018-06-08 09:32:50,8:01:33,23:23:53,5611,°C,17.41516,20.243858,0,0
ENABLED,TEMPERATURE,HIGH,ID_LOCATION,192.168.0.25,ee:97:08:95:fb:25,482134222-7,2.0,2.52,2018-06-06 23:55:13,10:58:59,20:37:27,3787,°C,16.674892,19.827778,0,0
ENABLED,TEMPERATURE,HIGH,ID_LOCATION,192.168.0.34,f9:23:7c:8d:58:9e,430015168-7,2.48,1.95,2019-03-01 19:19:44,8:12:54,18:44:12,4286,°C,16.618826,19.209581,0,0
ENABLED,TEMPERATURE,MEDIUM,ID_LOCATION,192.168.0.37,73:03:38:99:ff:1a,322202652-1,2.15,2.14,2019-03-02 08:20:15,2:00:11,21:32:04,4597,°C,16.192701,19.73063,0,0
ENABLED,TEMPERATURE,LOW,ID_LOCATION,192.168.0.40,e7:3c:2f:0a:d1:7e,778347027-0,1.04,1.77,2019-04-06 18:04:12,13:20:03,14:26:59,3653,°C,17.345016,19.118,0,0
ENABLED,TEMPERATURE,LOW,ID_LOCATION,192.168.0.41,ed:bd:02:59:bc:a0,406591480-9,1.37,2.02,2018-07-18 22:43:20,13:02:27,20:29:11,4905,°C,17.548698,20.820824,0,0
ENABLED,TEMPERATURE,VERY_HIGH,ID_LOCATION,192.168.0.65,30:e4:bb:2d:66:20,001431459-2,2.29,1.99,2018-10-19 11:09:23,13:23:29,22:04:33,5698,°C,16.7985,19.192183,0,0
ENABLED,TEMPERATURE,MEDIUM,ID_LOCATION,192.168.0.78,bc:a1:8e:ea:db:aa,667258744-6,1.69,1.85,2018-09-26 06:08:43,10:33:02,15:59:32,3331,°C,16.609192,20.325644,0,0
ENABLED,TEMPERATURE,LOW,ID_LOCATION,192.168.0.94,eb:2d:d1:23:86:7e,457343110-1,2.64,1.97,2019-02-10 16:48:39,7:07:43,23:51:22,4874,°C,17.847654,20.253836,0,0
ENABLED,TEMPERATURE,MEDIUM,ID_LOCATION,192.168.0.98,e5:7a:38:a6:5a:ba,469548106-5,1.92,1.88,2019-01-09 07:00:50,11:32:53,18:12:44,3215,°C,17.231266,19.049782,0,0
ENABLED,TEMPERATURE,MEDIUM,ID_LOCATION,192.168.0.117,87:2d:63:00:bc:a6,825403311-0,2.26,2.05,2019-01-09 09:27:29,8:18:11,23:17:48,5459,°C,17.084396,19.862497,0,0
ENABLED,TEMPERATURE,MEDIUM,ID_LOCATION,192.168.0.120,64:03:38:d9:5f:6d,719843709-5,1.16,2.42,2018-10-12 08:14:11,3:32:34,19:30:41,3022,°C,16.30739,19.643366,0,0
ENABLED,TEMPERATURE,MEDIUM,ID_LOCATION,192.168.0.153,d2:32:94:34:63:8e,532323876-3,1.11,2.26,2018-12-19 00:41:04,1:14:20,18:09:56,4409,°C,16.68542,19.510633,0,0
ENABLED,TEMPERATURE,LOW,ID_LOCATION,192.168.0.163,b9:d0:54:6a:34:a4,554284657-2,1.69,2.52,2018-09-20 03:27:49,8:48:01,18:03:58,3711,°C,16.328781,20.502937,0,0
ENABLED,TEMPERATURE,VERY_HIGH,ID_LOCATION,192.168.0.174,ea:89:0f:a7:52:3e,143457474-1,1.84,1.04,2018-05-18 12:06:29,11:41:05,16:18:46,5232,°C,16.408752,20.076527,0,0
ENABLED,WINDOW,LOW,ID_LOCATION,192.168.0.7,d2:99:b6:40:f4:6f,663212581-6,2.54,1.87,2019-04-05 02:13:19,8:40:12,19:26:27,3417,,0,1,0,0
ENABLED,WINDOW,VERY_HIGH,ID_LOCATION,192.168.0.27,73:82:12:15:bc:49,610443310-3,1.95,1.89,2018-11-14 04:52:59,7:53:16,18:19:54,3384,,0,1,0,0
ENABLED,WINDOW,MEDIUM,ID_LOCATION,192.168.0.32,0e:a5:7c:34:e9:1d,794585009-X,1.55,1.28,2018-10-28 11:17:32,11:43:15,20:03:56,5366,,0,1,0,0
ENABLED,WINDOW,HIGH,ID_LOCATION,192.168.0.48,ce:87:03:ce:fc:84,917926069-1,2.26,1.75,2018-08-12 18:25:32,11:06:16,17:47:37,3968,,0,1,0,0
ENABLED,WINDOW,HIGH,ID_LOCATION,192.168.0.58,48:41:11:d5:5f:cc,908963386-3,2.23,1.43,2018-11-16 06:13:45,12:12:40,16:58:37,5638,,0,1,0,0
ENABLED,WINDOW,LOW,ID_LOCATION,192.168.0.59,16:77:e2:e5:bf:07,909452942-4,2.04,2.66,2018-08-14 11:32:32,7:25:14,23:33:28,4474,,0,1,0,0
ENABLED,WINDOW,LOW,ID_LOCATION,192.168.0.64,12:5d:15:2c:f4:80,620848497-9,2.35,2.64,2019-03-21 07:25:14,12:36:57,15:11:19,5987,,0,1,0,0
ENABLED,WINDOW,VERY_HIGH,ID_LOCATION,192.168.0.80,7a:f8:1b:0b:bf:eb,131233611-0,2.98,2.73,2018-08-11 19:49:51,12:57:38,23:06:52,3717,,0,1,0,0
ENABLED,WINDOW,MEDIUM,ID_LOCATION,192.168.0.84,aa:9e:9b:8f:68:0d,229954093-8,2.58,2.32,2018-07-04 02:46:48,13:56:27,16:39:15,4239,,0,1,0,0
ENABLED,WINDOW,MEDIUM,ID_LOCATION,192.168.0.105,87:e0:c8:19:38:e8,229906647-0,1.5,2.47,2018-11-21 03:08:09,1:25:06,20:19:52,5325,,0,1,0,0
ENABLED,WINDOW,VERY_HIGH,ID_LOCATION,192.168.0.111,a9:11:de:b4:93:da,686852265-7,1.86,1.04,2019-03-13 15:36:12,1:04:54,18:18:53,3634,,0,1,0,0
ENABLED,WINDOW,HIGH,ID_LOCATION,192.168.0.136,c9:08:68:b7:55:c5,858506531-1,1.86,2.87,2019-04-02 09:46:03,10:55:45,16:43:20,4528,,0,1,0,0
ENABLED,WINDOW,LOW,ID_LOCATION,192.168.0.142,e4:67:df:f8:00:0a,157158804-3,2.97,1.04,2019-01-12 23:42:04,4:36:53,23:29:04,5328,,0,1,0,0
ENABLED,WINDOW,VERY_HIGH,ID_LOCATION,192.168.0.147,80:a1:65:69:ed:ad,635539099-5,1.13,1.44,2018-09-29 03:47:30,11:40:43,19:50:20,5902,,0,1,0,0
ENABLED,WINDOW,MEDIUM,ID_LOCATION,192.168.0.149,1e:3a:96:c4:13:e1,820713599-9,1.12,2.73,2018-08-31 00:16:32,3:07:24,19:42:33,5865,,0,1,0,0
ENABLED,WINDOW,MEDIUM,ID_LOCATION,192.168.0.150,0e:a8:7d:99:a6:4f,558097683-6,1.02,2.0,2018-12-30 08:47:35,6:33:40,21:28:50,4536,,0,1,0,0
ENABLED,WINDOW,HIGH,ID_LOCATION,192.168.0.167,90:a1:f1:c4:ed:91,796171176-7,1.81,1.44,2018-06-04 17:23:08,3:10:20,14:17:13,4988,,0,1,0,0
ENABLED,WINDOW,VERY_HIGH,ID_LOCATION,192.168.0.168,50:62:47:ab:63:ef,776542751-2,1.7,1.11,2018-12-10 21:59:04,7:01:13,19:15:53,3690,,0,1,0,0
ENABLED,WINDOW,HIGH,ID_LOCATION,192.168.0.172,5c:75:3a:5c:0c:36,415346122-9,2.69,1.51,2018-12-17 16:08:37,12:33:37,20:31:49,4416,,0,1,0,0
ENABLED,WINDOW,LOW,ID_LOCATION,192.168.0.179,ac:d7:ae:89:56:6c,238065860-9,1.91,2.55,2019-01-17 15:08:46,4:00:06,19:57:42,3581,,0,1,0,0
ENABLED,HUMIDITY,MEDIUM,ID_LOCATION,192.168.0.14,19:26:01:d5:76:f1,220454936-3,1.67,2.08,2018-07-19 04:37:08,10:58:55,19:24:56,3081,%,50.66376,59.039883,0,0
ENABLED,HUMIDITY,MEDIUM,ID_LOCATION,192.168.0.26,74:b7:e4:28:df:be,587495288-8,1.77,1.26,2018-12-04 09:12:40,9:41:55,23:46:13,4425,%,54.183,57.997326,0,0
ENABLED,HUMIDITY,VERY_HIGH,ID_LOCATION,192.168.0.36,41:b3:93:9e:2d:7a,117993926-3,1.57,1.08,2019-04-19 22:25:58,3:44:00,20:46:47,3359,%,54.515324,63.955326,0,0
ENABLED,HUMIDITY,HIGH,ID_LOCATION,192.168.0.45,e9:20:0f:eb:c7:87,821756444-2,1.62,2.17,2018-05-23 18:11:50,11:12:47,18:29:23,4106,%,46.2567,64.64306,0,0
ENABLED,HUMIDITY,LOW,ID_LOCATION,192.168.0.50,e7:de:14:a6:8a:31,357975358-4,2.54,2.76,2018-09-15 10:18:59,4:16:51,20:16:40,5758,%,46.815956,60.637356,0,0
ENABLED,HUMIDITY,HIGH,ID_LOCATION,192.168.0.54,cc:1f:06:22:18:17,042948926-9,2.5,1.9,2019-03-20 06:35:15,13:21:51,21:40:09,3032,%,46.09402,62.60511,0,0
ENABLED,HUMIDITY,MEDIUM,ID_LOCATION,192.168.0.62,6b:9b:67:8b:57:db,933017860-X,1.66,1.92,2018-05-12 21:40:01,7:18:20,17:12:03,4816,%,49.148544,56.930103,0,0
ENABLED,HUMIDITY,LOW,ID_LOCATION,192.168.0.70,4d:61:3d:3c:36:af,725611748-5,2.43,1.55,2019-03-05 20:37:21,12:55:10,14:22:28,5562,%,52.371807,64.91439,0,0
ENABLED,HUMIDITY,MEDIUM,ID_LOCATION,192.168.0.76,2f:11:66:40:e1:be,760950672-9,1.98,2.62,2018-11-25 00:46:11,1:44:00,23:57:05,3167,%,49.685776,59.813694,0,0
ENABLED,HUMIDITY,MEDIUM,ID_LOCATION,192.168.0.91,02:84:b6:1b:4a:d7,438964943-4,1.56,2.07,2018-06-25 10:17:13,3:54:10,17:33:33,4811,%,46.010265,63.53298,0,0
ENABLED,HUMIDITY,VERY_HIGH,ID_LOCATION,192.168.0.99,ea:c0:6e:8f:ef:b3,999434277-0,2.22,1.23,2019-02-19 14:44:14,5:06:46,18:44:31,4104,%,49.47553,59.297657,0,0
ENABLED,HUMIDITY,VERY_HIGH,ID_LOCATION,192.168.0.103,47:97:cd:00:a3:4f,445354834-6,2.04,2.55,2018-05-31 11:39:56,4:09:55,15:51:21,4623,%,48.378826,58.0937,0,0
ENABLED,HUMIDITY,HIGH,ID_LOCATION,192.168.0.110,0c:19:1e:8e:a0:c7,386418111-9,2.04,2.39,2018-12-29 15:31:43,3:31:12,23:41:46,4588,%,53.71262,62.986298,0,0
ENABLED,HUMIDITY,HIGH,ID_LOCATION,192.168.0.121,69:33:3e:6a:a5:44,528716510-2,1.11,1.44,2019-05-06 08:18:50,9:19:10,21:44:16,4625,%,47.93885,62.059296,0,0
ENABLED,HUMIDITY,LOW,ID_LOCATION,192.168.0.130,ce:ca:78:0d:3d:47,668927431-4,1.46,2.7,2018-06-18 05:49:08,11:32:09,22:13:41,5082,%,53.00687,60.31884,0,0
ENABLED,HUMIDITY,MEDIUM,ID_LOCATION,192.168.0.131,5d:f7:8f:0b:34:8e,509100323-1,2.16,2.24,2018-12-05 04:53:50,6:19:31,22:22:24,3553,%,52.670834,55.054333,0,0
ENABLED,HUMIDITY,HIGH,ID_LOCATION,192.168.0.132,db:07:2e:a7:97:3b,492037698-7,2.09,1.39,2019-05-13 16:21:53,12:11:12,21:36:00,3396,%,51.96128,59.976124,0,0
ENABLED,HUMIDITY,HIGH,ID_LOCATION,192.168.0.134,56:0d:fb:ea:df:b5,566500154-6,1.26,2.95,2019-01-29 20:12:32,3:49:14,21:57:31,5868,%,52.612156,56.528423,0,0
ENABLED,HUMIDITY,LOW,ID_LOCATION,192.168.0.135,6b:3c:8f:36:b8:37,348479287-6,1.96,1.23,2018-09-12 18:13:16,3:34:19,22:48:02,3421,%,51.509644,61.736767,0,0
ENABLED,HUMIDITY,MEDIUM,ID_LOCATION,192.168.0.151,05:70:b9:93:4a:c3,666445663-X,2.94,2.77,2018-10-16 17:09:26,9:21:33,20:05:12,3483,%,54.421364,57.639267,0,0
ENABLED,HUMIDITY,LOW,ID_LOCATION,192.168.0.154,63:de:dc:13:1a:5a,893558680-3,1.31,2.62,2018-07-22 11:03:49,12:10:47,17:21:40,4271,%,53.46383,63.017635,0,0
ENABLED,HUMIDITY,LOW,ID_LOCATION,192.168.0.161,11:b4:07:00:d2:b5,121396635-3,1.5,2.98,2018-12-25 06:42:17,8:23:53,17:39:24,4566,%,51.113823,61.017746,0,0
ENABLED,HUMIDITY,LOW,ID_LOCATION,192.168.0.162,61:00:9e:71:17:af,669186750-5,2.7,1.42,2018-06-05 11:30:57,2:30:53,22:00:40,5243,%,50.54707,62.21007,0,0
ENABLED,HUMIDITY,VERY_HIGH,ID_LOCATION,192.168.0.181,15:61:9a:17:01:ec,091047326-9,1.72,1.29,2019-03-07 09:22:47,2:05:42,14:04:58,3791,%,47.09826,59.6028,0,0
ENABLED,HUMIDITY,LOW,ID_LOCATION,192.168.0.200,da:6d:c4:ca:4d:a3,039782801-2,1.31,1.98,2018-07-22 10:51:29,7:40:06,16:48:59,4443,%,49.811348,60.140274,0,0
ENABLED,LIGHT,HIGH,ID_LOCATION,192.168.0.2,a4:03:e7:17:7c:7f,018089575-3,1.55,2.2,2018-10-09 01:08:15,10:20:35,19:45:31,5146,,0,1,0,0
ENABLED,LIGHT,MEDIUM,ID_LOCATION,192.168.0.9,d5:cb:a1:8f:d9:08,407788512-4,2.49,1.46,2019-05-12 04:53:07,1:48:15,21:08:56,3238,,0,1,0,0
ENABLED,LIGHT,HIGH,ID_LOCATION,192.168.0.43,be:a1:ac:80:2e:a5,240303248-4,1.75,2.0,2019-03-30 12:43:24,9:00:29,19:28:59,4835,,0,1,0,0
ENABLED,LIGHT,MEDIUM,ID_LOCATION,192.168.0.44,4a:1f:eb:d3:98:5e,302739626-9,2.01,2.36,2018-09-12 22:07:52,11:01:47,20:41:51,4167,,0,1,0,0
ENABLED,LIGHT,HIGH,ID_LOCATION,192.168.0.49,96:97:06:f9:e5:36,007199227-8,1.73,1.47,2018-08-15 22:18:10,6:47:53,22:40:34,4901,,0,1,0,0
ENABLED,LIGHT,HIGH,ID_LOCATION,192.168.0.55,62:27:bc:f1:99:32,673905393-6,2.45,2.23,2019-04-08 17:40:59,12:45:44,14:09:37,4880,,0,1,0,0
ENABLED,LIGHT,HIGH,ID_LOCATION,192.168.0.74,0e:55:7f:de:d7:04,845826659-8,2.63,1.74,2019-01-24 06:42:35,5:45:37,18:14:57,4622,,0,1,0,0
ENABLED,LIGHT,MEDIUM,ID_LOCATION,192.168.0.81,94:54:84:b1:d5:10,982690861-4,1.86,1.73,2018-08-09 00:46:23,1:17:02,14:44:18,3683,,0,1,0,0
ENABLED,LIGHT,MEDIUM,ID_LOCATION,192.168.0.114,70:68:57:3b:32:0f,431047733-X,2.69,2.62,2019-01-13 22:19:45,2:09:53,18:56:39,3327,,0,1,0,0
ENABLED,LIGHT,VERY_HIGH,ID_LOCATION,192.168.0.116,98:4c:48:eb:4a:69,687377754-4,1.46,1.04,2018-12-21 05:33:11,10:36:26,14:21:23,5022,,0,1,0,0
ENABLED,LIGHT,VERY_HIGH,ID_LOCATION,192.168.0.125,1b:f7:58:70:7e:ec,788719116-5,1.24,2.15,2018-07-28 03:48:13,4:37:00,16:53:18,5115,,0,1,0,0
ENABLED,LIGHT,MEDIUM,ID_LOCATION,192.168.0.128,d0:5a:e6:40:56:d4,109642254-9,2.69,1.88,2018-08-14 09:37:39,8:31:28,16:41:16,4556,,0,1,0,0
ENABLED,LIGHT,MEDIUM,ID_LOCATION,192.168.0.133,77:a0:e4:69:44:21,856114519-6,1.92,2.12,2018-09-21 13:20:01,8:50:22,15:22:26,3683,,0,1,0,0
ENABLED,LIGHT,HIGH,ID_LOCATION,192.168.0.156,15:58:78:71:16:9e,237107910-3,2.26,2.24,2018-11-24 23:58:06,6:28:17,20:37:53,4554,,0,1,0,0
ENABLED,LIGHT,HIGH,ID_LOCATION,192.168.0.158,a4:1b:af:b5:de:c2,177101653-1,1.02,2.89,2019-02-12 14:16:19,8:48:26,18:42:32,4010,,0,1,0,0
ENABLED,LIGHT,LOW,ID_LOCATION,192.168.0.164,35:4d:e3:4b:6a:4d,601756979-1,2.09,1.58,2019-04-22 21:22:37,9:42:32,21:15:11,5506,,0,1,0,0
ENABLED,LIGHT,MEDIUM,ID_LOCATION,192.168.0.169,7b:5e:3a:56:3f:f9,495383470-4,1.39,1.33,2019-03-28 17:29:00,5:06:50,18:35:49,5133,,0,1,0,0
ENABLED,LIGHT,MEDIUM,ID_LOCATION,192.168.0.173,d4:eb:30:e7:ad:91,541838142-3,2.45,2.88,2018-10-21 20:24:22,13:27:21,14:34:30,4107,,0,1,0,0
ENABLED,LIGHT,MEDIUM,ID_LOCATION,192.168.0.176,0a:e4:6d:76:1a:08,084767792-3,2.61,2.27,2018-09-30 09:57:40,8:21:52,18:49:25,5291,,0,1,0,0
ENABLED,LIGHT,LOW,ID_LOCATION,192.168.0.188,c6:ee:18:ce:f3:66,954799311-9,1.53,1.52,2019-01-27 10:42:34,11:26:43,14:48:13,5457,,0,1,0,0
ENABLED,LIGHT,LOW,ID_LOCATION,192.168.0.193,c3:83:e6:58:b7:bc,719082249-6,2.04,2.12,2018-09-28 01:58:20,9:16:12,15:58:06,3432,,0,1,0,0
ENABLED,GAS,LOW,ID_LOCATION,192.168.0.5,03:da:99:4b:39:1d,040327718-3,2.49,2.94,2019-03-18 22:58:54,3:52:20,19:54:36,3382,ppm,0,200,0,0
ENABLED,GAS,MEDIUM,ID_LOCATION,192.168.0.18,ba:19:57:64:21:25,961277171-5,1.27,2.04,2018-05-13 03:08:22,5:36:45,19:50:39,5176,ppm,0,200,0,0
ENABLED,GAS,HIGH,ID_LOCATION,192.168.0.24,63:8b:40:93:d7:dd,901890746-4,1.71,2.29,2019-02-05 00:14:30,6:24:44,23:41:35,5240,ppm,0,200,0,0
ENABLED,GAS,LOW,ID_LOCATION,192.168.0.38,a3:64:2b:f5:ad:79,528092946-8,1.63,1.2,2018-07-12 14:35:13,1:00:47,23:31:42,3815,ppm,0,200,0,0
ENABLED,GAS,VERY_HIGH,ID_LOCATION,192.168.0.39,6e:ab:b8:80:76:55,508430415-9,1.55,2.62,2018-06-19 00:15:57,11:20:12,15:17:56,5139,ppm,0,200,0,0
ENABLED,GAS,MEDIUM,ID_LOCATION,192.168.0.51,9c:cb:6b:24:d8:d4,278014959-0,2.16,1.45,2019-01-11 10:33:24,4:42:26,18:32:06,3081,ppm,0,200,0,0
ENABLED,GAS,MEDIUM,ID_LOCATION,192.168.0.63,04:c0:2d:a5:dc:c7,262994594-4,1.22,2.66,2019-03-31 17:06:53,2:44:26,20:02:58,5074,ppm,0,200,0,0
ENABLED,GAS,VERY_HIGH,ID_LOCATION,192.168.0.77,5d:42:99:5e:e4:76,325701917-3,1.48,1.72,2019-03-07 11:21:03,4:17:03,16:16:59,4941,ppm,0,200,0,0
ENABLED,GAS,HIGH,ID_LOCATION,192.168.0.97,81:77:71:63:b2:a4,367870814-5,2.52,2.84,2018-08-10 06:46:00,9:09:11,17:42:25,5562,ppm,0,200,0,0
ENABLED,GAS,LOW,ID_LOCATION,192.168.0.123,44:90:20:04:fd:89,568538714-8,1.01,1.97,2019-04-20 06:51:15,1:22:05,14:47:47,4393,ppm,0,200,0,0
ENABLED,GAS,HIGH,ID_LOCATION,192.168.0.129,20:5a:a4:57:35:15,709509097-1,1.38,1.46,2018-05-22 19:15:48,6:08:17,15:10:25,4229,ppm,0,200,0,0
ENABLED,GAS,VERY_HIGH,ID_LOCATION,192.168.0.143,e8:d5:75:52:bb:c5,861263116-5,1.11,1.6,2018-08-22 10:05:37,4:44:05,15:07:03,4497,ppm,0,200,0,0
ENABLED,GAS,VERY_HIGH,ID_LOCATION,192.168.0.146,5c:bf:8b:8e:02:de,250238569-5,2.46,2.36,2019-01-28 03:31:18,10:20:47,16:26:16,3354,ppm,0,200,0,0
ENABLED,GAS,HIGH,ID_LOCATION,192.168.0.165,2f:00:a6:c0:9d:db,003529912-6,1.82,1.98,2018-09-24 02:44:50,8:25:30,14:38:34,5858,ppm,0,200,0,0
ENABLED,GAS,VERY_HIGH,ID_LOCATION,192.168.0.166,cc:9f:19:5c:f7:4a,830474838-X,2.81,2.01,2019-02-19 17:45:14,4:41:44,23:13:24,5247,ppm,0,200,0,0
ENABLED,GAS,MEDIUM,ID_LOCATION,192.168.0.170,92:3b:af:d2:26:39,780069802-5,2.71,1.32,2018-08-22 21:39:53,9:46:41,15:18:53,3375,ppm,0,200,0,0
ENABLED,GAS,VERY_HIGH,ID_LOCATION,192.168.0.194,32:16:c4:23:66:d5,787140875-5,2.79,2.68,2018-11-25 23:21:33,12:21:29,20:22:00,5572,ppm,0,200,0,0
ENABLED,GAS,VERY_HIGH,ID_LOCATION,192.168.0.201,e6:6c:a6:2a:02:a3,956235493-8,2.15,1.98,2018-08-04 10:04:05,7:55:15,19:17:44,3480,ppm,0,200,0,0
ENABLED,MANUAL_TRIGGER,HIGH,ID_LOCATION,192.168.0.61,3b:fa:df:e9:b0:c5,537732882-5,2.07,2.85,2019-01-04 02:35:23,2:28:13,23:21:01,3014,,0,1,0,0
ENABLED,MANUAL_TRIGGER,HIGH,ID_LOCATION,192.168.0.68,b1:43:fd:6f:09:cf,705737620-0,2.0,1.71,2019-01-13 04:49:11,8:21:01,23:38:01,4649,,0,1,0,0
ENABLED,MANUAL_TRIGGER,VERY_HIGH,ID_LOCATION,192.168.0.75,d7:f6:d3:02:79:dd,096176991-2,2.16,1.5,2018-11-03 03:05:06,5:09:44,18:28:24,4249,,0,1,0,0
ENABLED,MANUAL_TRIGGER,VERY_HIGH,ID_LOCATION,192.168.0.82,47:a6:e9:93:8f:45,636668897-4,1.3,1.23,2018-08-25 02:31:50,1:46:00,19:16:35,3611,,0,1,0,0
ENABLED,MANUAL_TRIGGER,MEDIUM,ID_LOCATION,192.168.0.86,87:f7:b0:ea:3e:a5,531129064-1,2.81,1.94,2018-08-01 01:31:27,4:33:55,18:38:23,5376,,0,1,0,0
ENABLED,MANUAL_TRIGGER,LOW,ID_LOCATION,192.168.0.92,1b:a3:86:eb:88:21,003569937-X,1.83,2.19,2018-12-15 19:49:19,4:20:33,22:41:50,5389,,0,1,0,0
ENABLED,MANUAL_TRIGGER,LOW,ID_LOCATION,192.168.0.96,7a:77:06:fe:89:a5,668723313-0,2.91,1.38,2019-02-07 01:01:04,9:03:53,18:12:27,5815,,0,1,0,0
ENABLED,MANUAL_TRIGGER,HIGH,ID_LOCATION,192.168.0.100,18:92:0a:27:e7:05,009438631-5,1.4,1.5,2019-03-24 05:01:51,6:37:02,20:05:25,5661,,0,1,0,0
ENABLED,MANUAL_TRIGGER,VERY_HIGH,ID_LOCATION,192.168.0.101,fc:b6:8c:22:bb:d0,149489320-7,1.28,1.5,2018-07-24 03:03:19,2:56:38,23:45:45,4550,,0,1,0,0
ENABLED,MANUAL_TRIGGER,HIGH,ID_LOCATION,192.168.0.115,84:c3:85:43:b0:8a,918254389-5,2.85,1.57,2018-07-28 09:03:15,7:05:12,16:49:48,5788,,0,1,0,0
ENABLED,MANUAL_TRIGGER,HIGH,ID_LOCATION,192.168.0.122,5a:68:81:37:8f:43,310182751-5,2.02,2.46,2018-07-29 13:48:08,9:28:45,20:55:58,5335,,0,1,0,0
ENABLED,MANUAL_TRIGGER,MEDIUM,ID_LOCATION,192.168.0.124,06:d9:98:cc:d9:ca,216683161-3,1.62,2.12,2018-12-12 15:11:35,5:00:50,15:27:17,3436,,0,1,0,0
ENABLED,MANUAL_TRIGGER,VERY_HIGH,ID_LOCATION,192.168.0.138,4c:57:44:49:d0:b0,967090357-2,1.32,2.76,2018-09-12 17:44:59,12:13:10,14:34:11,4886,,0,1,0,0
ENABLED,MANUAL_TRIGGER,HIGH,ID_LOCATION,192.168.0.145,1e:d1:65:0d:1d:04,923298574-8,1.61,1.01,2019-04-29 21:33:23,10:33:32,23:00:43,3817,,0,1,0,0
ENABLED,MANUAL_TRIGGER,LOW,ID_LOCATION,192.168.0.159,86:9f:1d:41:40:f0,565313410-4,2.34,1.1,2018-07-15 04:57:51,1:25:12,18:56:41,5892,,0,1,0,0
ENABLED,MANUAL_TRIGGER,LOW,ID_LOCATION,192.168.0.183,fc:99:7a:be:3f:a2,930921526-7,2.43,2.02,2019-02-20 17:32:02,1:01:42,20:23:26,5596,,0,1,0,0
ENABLED,MANUAL_TRIGGER,VERY_HIGH,ID_LOCATION,192.168.0.190,e5:fb:4b:8f:3e:fa,454161323-9,1.53,1.84,2018-11-03 10:00:38,10:52:51,19:19:42,3430,,0,1,0,0
ENABLED,MANUAL_TRIGGER,VERY_HIGH,ID_LOCATION,192.168.0.192,63:4a:38:93:6e:f1,186705992-4,1.79,1.69,2018-07-29 05:36:50,9:22:52,14:32:33,4401,,0,1,0,0
ENABLED,ACCESS_CONTROL,LOW,ID_LOCATION,192.168.0.3,8d:2c:b0:71:cd:4e,987574149-3,1.8,1.54,2019-02-11 16:42:00,5:06:18,19:00:39,3556,,0,1,0,0
ENABLED,ACCESS_CONTROL,MEDIUM,ID_LOCATION,192.168.0.17,78:fd:12:93:5c:7f,157713706-X,2.49,1.85,2018-08-28 06:12:03,1:45:48,19:34:08,4040,,0,1,0,0
ENABLED,ACCESS_CONTROL,LOW,ID_LOCATION,192.168.0.23,b6:61:8c:f2:43:fe,803057149-6,2.0,1.91,2018-08-07 15:27:02,1:20:29,20:46:31,3882,,0,1,0,0
ENABLED,ACCESS_CONTROL,HIGH,ID_LOCATION,192.168.0.29,3b:88:95:5e:ab:bf,634057465-3,2.82,2.01,2019-01-10 17:09:40,11:28:14,21:28:21,3065,,0,1,0,0
ENABLED,ACCESS_CONTROL,LOW,ID_LOCATION,192.168.0.30,5d:94:93:5b:20:fd,361697087-3,2.25,1.81,2018-07-02 05:42:38,10:49:17,15:16:53,3944,,0,1,0,0
ENABLED,ACCESS_CONTROL,LOW,ID_LOCATION,192.168.0.33,a8:53:b3:5a:b7:ee,018312612-2,2.85,2.03,2019-02-06 20:00:55,6:44:49,17:25:22,5101,,0,1,0,0
ENABLED,ACCESS_CONTROL,LOW,ID_LOCATION,192.168.0.66,ea:40:9c:73:6d:2f,076799608-9,1.82,2.04,2019-02-24 15:12:18,3:45:55,21:49:17,3147,,0,1,0,0
ENABLED,ACCESS_CONTROL,LOW,ID_LOCATION,192.168.0.87,a1:df:d8:49:9a:1c,974759169-3,1.72,2.57,2018-05-25 02:30:28,1:01:39,19:08:04,3820,,0,1,0,0
ENABLED,ACCESS_CONTROL,LOW,ID_LOCATION,192.168.0.89,11:cc:f5:78:4b:f7,766399601-1,2.96,1.16,2019-02-22 01:03:10,13:14:19,20:28:06,3489,,0,1,0,0
ENABLED,ACCESS_CONTROL,VERY_HIGH,ID_LOCATION,192.168.0.90,01:20:c2:53:d3:ba,562170408-8,1.79,1.73,2018-05-16 06:38:21,11:21:01,20:46:59,4881,,0,1,0,0
ENABLED,ACCESS_CONTROL,HIGH,ID_LOCATION,192.168.0.107,75:52:a8:03:07:18,946097778-2,2.08,2.83,2018-07-16 20:14:17,4:35:15,22:13:02,3978,,0,1,0,0
ENABLED,ACCESS_CONTROL,LOW,ID_LOCATION,192.168.0.109,63:0f:d1:f1:56:cf,155681884-X,2.52,2.51,2019-02-26 15:09:29,3:55:40,19:43:58,4366,,0,1,0,0
ENABLED,ACCESS_CONTROL,VERY_HIGH,ID_LOCATION,192.168.0.113,ec:c9:01:dc:9e:a1,304403040-4,2.31,2.37,2018-11-09 08:43:39,9:13:39,20:47:25,4583,,0,1,0,0
ENABLED,ACCESS_CONTROL,VERY_HIGH,ID_LOCATION,192.168.0.137,f7:67:0d:ff:88:30,542777245-6,1.74,2.51,2019-04-16 22:01:08,5:21:25,18:02:01,4636,,0,1,0,0
ENABLED,ACCESS_CONTROL,LOW,ID_LOCATION,192.168.0.141,65:42:c3:4a:8c:3e,257465402-1,2.24,1.1,2019-02-13 23:49:30,12:44:56,19:10:26,5904,,0,1,0,0
ENABLED,ACCESS_CONTROL,MEDIUM,ID_LOCATION,192.168.0.160,4d:6d:57:b8:43:91,021957286-0,1.19,1.83,2019-01-11 20:08:20,5:08:06,16:42:36,4391,,0,1,0,0
ENABLED,ACCESS_CONTROL,VERY_HIGH,ID_LOCATION,192.168.0.180,8f:9e:fb:5c:65:65,771993193-9,1.06,2.98,2018-07-18 10:05:18,4:18:23,23:54:06,4671,,0,1,0,0
ENABLED,ACCESS_CONTROL,MEDIUM,ID_LOCATION,192.168.0.184,26:bb:1a:9c:c4:f9,845438019-1,2.39,2.45,2019-02-07 10:37:05,2:56:57,21:27:27,3050,,0,1,0,0
ENABLED,ACCESS_CONTROL,VERY_HIGH,ID_LOCATION,192.168.0.195,1b:77:d7:18:85:19,093538771-4,2.09,1.75,2019-01-06 12:24:50,3:07:30,14:40:01,5331,,0,1,0,0
ENABLED,FLOOD,LOW,ID_LOCATION,192.168.0.4,29:68:be:e0:95:3f,455630927-1,1.08,3.0,2018-10-20 05:11:05,13:30:24,19:49:58,3670,cm,0,1.8493224,0,0
ENABLED,FLOOD,MEDIUM,ID_LOCATION,192.168.0.11,c3:5a:71:71:bb:52,553800179-2,1.12,2.71,2019-02-02 23:59:00,9:40:18,19:13:22,4412,cm,0,1.3523521,0,0
ENABLED,FLOOD,HIGH,ID_LOCATION,192.168.0.15,f0:cd:1a:9f:4e:49,181935164-5,2.1,1.04,2018-11-15 05:40:19,1:35:41,20:54:46,4267,cm,0,0.10084225,0,0
ENABLED,FLOOD,HIGH,ID_LOCATION,192.168.0.53,5f:0c:09:57:f1:32,334552335-3,2.62,1.11,2018-12-14 09:51:15,2:43:51,18:46:21,4854,cm,0,0.48266196,0,0
ENABLED,FLOOD,VERY_HIGH,ID_LOCATION,192.168.0.73,2e:37:b0:6b:03:38,358565715-X,1.43,1.47,2018-09-16 16:03:59,4:19:58,21:34:04,5943,cm,0,0.40353906,0,0
ENABLED,FLOOD,LOW,ID_LOCATION,192.168.0.83,c9:60:d5:68:6d:3a,129483987-X,1.57,2.64,2018-12-23 18:33:08,7:48:20,21:33:22,4136,cm,0,0.7201798,0,0
ENABLED,FLOOD,HIGH,ID_LOCATION,192.168.0.95,ee:b6:60:05:08:b4,541217971-1,2.84,2.97,2018-12-13 22:20:00,1:12:13,15:16:46,4808,cm,0,1.3629678,0,0
ENABLED,FLOOD,HIGH,ID_LOCATION,192.168.0.108,bd:7f:45:df:4b:b0,897997575-9,2.42,2.61,2018-12-07 04:42:14,12:44:03,22:37:10,3016,cm,0,0.89863247,0,0
ENABLED,FLOOD,HIGH,ID_LOCATION,192.168.0.112,d1:0a:9b:94:82:e2,386002253-9,2.25,1.17,2019-05-03 06:05:59,3:47:04,20:57:30,4355,cm,0,0.50431466,0,0
ENABLED,FLOOD,HIGH,ID_LOCATION,192.168.0.127,2b:7d:b0:6c:02:5b,985101768-X,1.13,2.93,2019-02-22 23:04:19,11:52:47,22:14:48,3932,cm,0,0.32869175,0,0
ENABLED,FLOOD,VERY_HIGH,ID_LOCATION,192.168.0.187,66:94:ca:03:da:fa,372900241-4,2.15,2.29,2018-09-27 13:17:31,7:47:54,20:50:16,5374,cm,0,0.3265048,0,0